,temp,diff_coef,1/temp,red_diff,S_ex
0,1.0,0.1777751847357038,1.0,0.18891432344741738,-3.6272013138
1,1.5,0.33271149518329446,0.6666666666666666,0.2886794871983123,-3.1697092264
2,2.0,0.4897529264979397,0.5,0.36800675511270176,-2.8811379002
3,2.4,0.6201458665490128,0.4166666666666667,0.4253848134131582,-2.7127240314
4,3.6,1.0048922292620017,0.2777777777777778,0.5628102343135295,-2.3745329279
5,4.0,1.1056023613276713,0.25,0.5874389116866897,-2.294391669
6,4.4,1.217608195482185,0.22727272727272727,0.6168434720462074,-2.2247328925
7,4.8,1.3631698355159905,0.20833333333333334,0.6611851598556149,-2.1630052763
